<?xml version="1.0" encoding="UTF-8"?>
<foxml:digitalObject VERSION="1.1" PID="uuid:0eaa6730-9068-11dd-97de-000d606f5dc6"
xmlns:foxml="info:fedora/fedora-system:def/foxml#"
xmlns:xsi="http://www.w3.org/2001/XMLSchema-instance"
xsi:schemaLocation="info:fedora/fedora-system:def/foxml# http://www.fedora.info/definitions/1/0/foxml1-1.xsd">
<foxml:objectProperties>
<foxml:property NAME="info:fedora/fedora-system:def/model#state" VALUE="Active"/>
<foxml:property NAME="info:fedora/fedora-system:def/model#label" VALUE="Drobnůstky"/>
<foxml:property NAME="info:fedora/fedora-system:def/model#ownerId" VALUE="fedoraAdmin"/>
<foxml:property NAME="info:fedora/fedora-system:def/model#createdDate" VALUE="2010-12-16T15:59:56.605Z"/>
<foxml:property NAME="info:fedora/fedora-system:def/view#lastModifiedDate" VALUE="2016-03-30T12:05:59.973Z"/>
</foxml:objectProperties>
<foxml:datastream ID="AUDIT" STATE="A" CONTROL_GROUP="X" VERSIONABLE="false">
<foxml:datastreamVersion ID="AUDIT.0" LABEL="Audit Trail for this object" CREATED="2010-12-16T15:59:56.605Z" MIMETYPE="text/xml" FORMAT_URI="info:fedora/fedora-system:format/xml.fedora.audit">
<foxml:xmlContent>
<audit:auditTrail xmlns:audit="info:fedora/fedora-system:def/audit#">
<audit:record ID="AUDREC1">
<audit:process type="Fedora API-M"/>
<audit:action>ingest</audit:action>
<audit:componentID></audit:componentID>
<audit:responsibility>fedoraAdmin</audit:responsibility>
<audit:date>2014-06-26T23:22:47.483Z</audit:date>
<audit:justification>Initial ingest</audit:justification>
</audit:record>
<audit:record ID="AUDREC2">
<audit:process type="Fedora API-M"/>
<audit:action>modifyDatastreamByValue</audit:action>
<audit:componentID>DC</audit:componentID>
<audit:responsibility>fedoraAdmin</audit:responsibility>
<audit:date>2016-01-12T09:15:15.959Z</audit:date>
<audit:justification></audit:justification>
</audit:record>
<audit:record ID="AUDREC3">
<audit:process type="Fedora API-M"/>
<audit:action>purgeDatastream</audit:action>
<audit:componentID>POLICY</audit:componentID>
<audit:responsibility>fedoraAdmin</audit:responsibility>
<audit:date>2016-01-12T09:15:16.451Z</audit:date>
<audit:justification> . . . Purged datastream (ID=POLICY), versions ranging from the beginning of time to the end of time.  This resulted in the permanent removal of 1 datastream version(s) (2010-12-16T16:59:56.000Z) and all associated audit records.</audit:justification>
</audit:record>
<audit:record ID="AUDREC4">
<audit:process type="Fedora API-M"/>
<audit:action>addDatastream</audit:action>
<audit:componentID>POLICY</audit:componentID>
<audit:responsibility>fedoraAdmin</audit:responsibility>
<audit:date>2016-01-12T09:15:16.536Z</audit:date>
<audit:justification></audit:justification>
</audit:record>
<audit:record ID="AUDREC5">
<audit:process type="Fedora API-M"/>
<audit:action>modifyDatastreamByValue</audit:action>
<audit:componentID>DC</audit:componentID>
<audit:responsibility>fedoraAdmin</audit:responsibility>
<audit:date>2016-01-12T09:39:33.761Z</audit:date>
<audit:justification></audit:justification>
</audit:record>
<audit:record ID="AUDREC6">
<audit:process type="Fedora API-M"/>
<audit:action>purgeDatastream</audit:action>
<audit:componentID>POLICY</audit:componentID>
<audit:responsibility>fedoraAdmin</audit:responsibility>
<audit:date>2016-01-12T09:39:34.145Z</audit:date>
<audit:justification> . . . Purged datastream (ID=POLICY), versions ranging from the beginning of time to the end of time.  This resulted in the permanent removal of 1 datastream version(s) (2016-01-12T10:15:16.536Z) and all associated audit records.</audit:justification>
</audit:record>
<audit:record ID="AUDREC7">
<audit:process type="Fedora API-M"/>
<audit:action>addDatastream</audit:action>
<audit:componentID>POLICY</audit:componentID>
<audit:responsibility>fedoraAdmin</audit:responsibility>
<audit:date>2016-01-12T09:39:34.230Z</audit:date>
<audit:justification></audit:justification>
</audit:record>
<audit:record ID="AUDREC8">
<audit:process type="Fedora API-M"/>
<audit:action>modifyDatastreamByValue</audit:action>
<audit:componentID>DC</audit:componentID>
<audit:responsibility>fedoraAdmin</audit:responsibility>
<audit:date>2016-01-12T11:29:02.766Z</audit:date>
<audit:justification></audit:justification>
</audit:record>
<audit:record ID="AUDREC9">
<audit:process type="Fedora API-M"/>
<audit:action>purgeDatastream</audit:action>
<audit:componentID>POLICY</audit:componentID>
<audit:responsibility>fedoraAdmin</audit:responsibility>
<audit:date>2016-01-12T11:29:03.166Z</audit:date>
<audit:justification> . . . Purged datastream (ID=POLICY), versions ranging from the beginning of time to the end of time.  This resulted in the permanent removal of 1 datastream version(s) (2016-01-12T10:39:34.230Z) and all associated audit records.</audit:justification>
</audit:record>
<audit:record ID="AUDREC10">
<audit:process type="Fedora API-M"/>
<audit:action>addDatastream</audit:action>
<audit:componentID>POLICY</audit:componentID>
<audit:responsibility>fedoraAdmin</audit:responsibility>
<audit:date>2016-01-12T11:29:03.258Z</audit:date>
<audit:justification></audit:justification>
</audit:record>
<audit:record ID="AUDREC11">
<audit:process type="Fedora API-M"/>
<audit:action>ingest</audit:action>
<audit:componentID></audit:componentID>
<audit:responsibility>fedoraAdmin</audit:responsibility>
<audit:date>2016-02-19T15:03:14.915Z</audit:date>
<audit:justification>Initial ingest</audit:justification>
</audit:record>
<audit:record ID="AUDREC12">
<audit:process type="Fedora API-M"/>
<audit:action>modifyDatastreamByValue</audit:action>
<audit:componentID>DC</audit:componentID>
<audit:responsibility>fedoraAdmin</audit:responsibility>
<audit:date>2016-03-30T10:28:59.714Z</audit:date>
<audit:justification></audit:justification>
</audit:record>
<audit:record ID="AUDREC13">
<audit:process type="Fedora API-M"/>
<audit:action>purgeDatastream</audit:action>
<audit:componentID>POLICY</audit:componentID>
<audit:responsibility>fedoraAdmin</audit:responsibility>
<audit:date>2016-03-30T10:29:00.229Z</audit:date>
<audit:justification> . . . Purged datastream (ID=POLICY), versions ranging from the beginning of time to the end of time.  This resulted in the permanent removal of 1 datastream version(s) (2016-01-12T12:29:03.258Z) and all associated audit records.</audit:justification>
</audit:record>
<audit:record ID="AUDREC14">
<audit:process type="Fedora API-M"/>
<audit:action>addDatastream</audit:action>
<audit:componentID>POLICY</audit:componentID>
<audit:responsibility>fedoraAdmin</audit:responsibility>
<audit:date>2016-03-30T10:29:00.299Z</audit:date>
<audit:justification></audit:justification>
</audit:record>
<audit:record ID="AUDREC15">
<audit:process type="Fedora API-M"/>
<audit:action>modifyDatastreamByValue</audit:action>
<audit:componentID>DC</audit:componentID>
<audit:responsibility>fedoraAdmin</audit:responsibility>
<audit:date>2016-03-30T10:33:08.556Z</audit:date>
<audit:justification></audit:justification>
</audit:record>
<audit:record ID="AUDREC16">
<audit:process type="Fedora API-M"/>
<audit:action>purgeDatastream</audit:action>
<audit:componentID>POLICY</audit:componentID>
<audit:responsibility>fedoraAdmin</audit:responsibility>
<audit:date>2016-03-30T10:33:08.755Z</audit:date>
<audit:justification> . . . Purged datastream (ID=POLICY), versions ranging from the beginning of time to the end of time.  This resulted in the permanent removal of 1 datastream version(s) (2016-03-30T12:29:00.299Z) and all associated audit records.</audit:justification>
</audit:record>
<audit:record ID="AUDREC17">
<audit:process type="Fedora API-M"/>
<audit:action>addDatastream</audit:action>
<audit:componentID>POLICY</audit:componentID>
<audit:responsibility>fedoraAdmin</audit:responsibility>
<audit:date>2016-03-30T10:33:08.798Z</audit:date>
<audit:justification></audit:justification>
</audit:record>
<audit:record ID="AUDREC18">
<audit:process type="Fedora API-M"/>
<audit:action>modifyDatastreamByValue</audit:action>
<audit:componentID>DC</audit:componentID>
<audit:responsibility>fedoraAdmin</audit:responsibility>
<audit:date>2016-03-30T10:38:48.556Z</audit:date>
<audit:justification></audit:justification>
</audit:record>
<audit:record ID="AUDREC19">
<audit:process type="Fedora API-M"/>
<audit:action>purgeDatastream</audit:action>
<audit:componentID>POLICY</audit:componentID>
<audit:responsibility>fedoraAdmin</audit:responsibility>
<audit:date>2016-03-30T10:38:48.662Z</audit:date>
<audit:justification> . . . Purged datastream (ID=POLICY), versions ranging from the beginning of time to the end of time.  This resulted in the permanent removal of 1 datastream version(s) (2016-03-30T12:33:08.798Z) and all associated audit records.</audit:justification>
</audit:record>
<audit:record ID="AUDREC20">
<audit:process type="Fedora API-M"/>
<audit:action>addDatastream</audit:action>
<audit:componentID>POLICY</audit:componentID>
<audit:responsibility>fedoraAdmin</audit:responsibility>
<audit:date>2016-03-30T10:38:48.695Z</audit:date>
<audit:justification></audit:justification>
</audit:record>
<audit:record ID="AUDREC21">
<audit:process type="Fedora API-M"/>
<audit:action>modifyDatastreamByValue</audit:action>
<audit:componentID>DC</audit:componentID>
<audit:responsibility>fedoraAdmin</audit:responsibility>
<audit:date>2016-03-30T11:47:11.720Z</audit:date>
<audit:justification></audit:justification>
</audit:record>
<audit:record ID="AUDREC22">
<audit:process type="Fedora API-M"/>
<audit:action>purgeDatastream</audit:action>
<audit:componentID>POLICY</audit:componentID>
<audit:responsibility>fedoraAdmin</audit:responsibility>
<audit:date>2016-03-30T11:47:12.033Z</audit:date>
<audit:justification> . . . Purged datastream (ID=POLICY), versions ranging from the beginning of time to the end of time.  This resulted in the permanent removal of 1 datastream version(s) (2016-03-30T12:38:48.695Z) and all associated audit records.</audit:justification>
</audit:record>
<audit:record ID="AUDREC23">
<audit:process type="Fedora API-M"/>
<audit:action>addDatastream</audit:action>
<audit:componentID>POLICY</audit:componentID>
<audit:responsibility>fedoraAdmin</audit:responsibility>
<audit:date>2016-03-30T11:47:12.084Z</audit:date>
<audit:justification></audit:justification>
</audit:record>
<audit:record ID="AUDREC24">
<audit:process type="Fedora API-M"/>
<audit:action>modifyDatastreamByValue</audit:action>
<audit:componentID>DC</audit:componentID>
<audit:responsibility>fedoraAdmin</audit:responsibility>
<audit:date>2016-03-30T12:01:17.868Z</audit:date>
<audit:justification></audit:justification>
</audit:record>
<audit:record ID="AUDREC25">
<audit:process type="Fedora API-M"/>
<audit:action>purgeDatastream</audit:action>
<audit:componentID>POLICY</audit:componentID>
<audit:responsibility>fedoraAdmin</audit:responsibility>
<audit:date>2016-03-30T12:01:18.169Z</audit:date>
<audit:justification> . . . Purged datastream (ID=POLICY), versions ranging from the beginning of time to the end of time.  This resulted in the permanent removal of 1 datastream version(s) (2016-03-30T13:47:12.084Z) and all associated audit records.</audit:justification>
</audit:record>
<audit:record ID="AUDREC26">
<audit:process type="Fedora API-M"/>
<audit:action>addDatastream</audit:action>
<audit:componentID>POLICY</audit:componentID>
<audit:responsibility>fedoraAdmin</audit:responsibility>
<audit:date>2016-03-30T12:01:18.240Z</audit:date>
<audit:justification></audit:justification>
</audit:record>
<audit:record ID="AUDREC27">
<audit:process type="Fedora API-M"/>
<audit:action>modifyDatastreamByValue</audit:action>
<audit:componentID>DC</audit:componentID>
<audit:responsibility>fedoraAdmin</audit:responsibility>
<audit:date>2016-03-30T12:03:35.253Z</audit:date>
<audit:justification></audit:justification>
</audit:record>
<audit:record ID="AUDREC28">
<audit:process type="Fedora API-M"/>
<audit:action>purgeDatastream</audit:action>
<audit:componentID>POLICY</audit:componentID>
<audit:responsibility>fedoraAdmin</audit:responsibility>
<audit:date>2016-03-30T12:03:35.427Z</audit:date>
<audit:justification> . . . Purged datastream (ID=POLICY), versions ranging from the beginning of time to the end of time.  This resulted in the permanent removal of 1 datastream version(s) (2016-03-30T14:01:18.240Z) and all associated audit records.</audit:justification>
</audit:record>
<audit:record ID="AUDREC29">
<audit:process type="Fedora API-M"/>
<audit:action>addDatastream</audit:action>
<audit:componentID>POLICY</audit:componentID>
<audit:responsibility>fedoraAdmin</audit:responsibility>
<audit:date>2016-03-30T12:03:35.493Z</audit:date>
<audit:justification></audit:justification>
</audit:record>
<audit:record ID="AUDREC30">
<audit:process type="Fedora API-M"/>
<audit:action>modifyDatastreamByValue</audit:action>
<audit:componentID>DC</audit:componentID>
<audit:responsibility>fedoraAdmin</audit:responsibility>
<audit:date>2016-03-30T12:05:59.791Z</audit:date>
<audit:justification></audit:justification>
</audit:record>
<audit:record ID="AUDREC31">
<audit:process type="Fedora API-M"/>
<audit:action>purgeDatastream</audit:action>
<audit:componentID>POLICY</audit:componentID>
<audit:responsibility>fedoraAdmin</audit:responsibility>
<audit:date>2016-03-30T12:05:59.916Z</audit:date>
<audit:justification> . . . Purged datastream (ID=POLICY), versions ranging from the beginning of time to the end of time.  This resulted in the permanent removal of 1 datastream version(s) (2016-03-30T14:03:35.493Z) and all associated audit records.</audit:justification>
</audit:record>
<audit:record ID="AUDREC32">
<audit:process type="Fedora API-M"/>
<audit:action>addDatastream</audit:action>
<audit:componentID>POLICY</audit:componentID>
<audit:responsibility>fedoraAdmin</audit:responsibility>
<audit:date>2016-03-30T12:05:59.973Z</audit:date>
<audit:justification></audit:justification>
</audit:record>
</audit:auditTrail>
</foxml:xmlContent>
</foxml:datastreamVersion>
</foxml:datastream>
<foxml:datastream ID="BIBLIO_MODS" STATE="A" CONTROL_GROUP="X" VERSIONABLE="false">
<foxml:datastreamVersion ID="BIBLIO_MODS.0" LABEL="BIBLIO_MODS description of current object" CREATED="2010-12-16T15:59:56.000Z" MIMETYPE="text/xml" SIZE="4371">
<foxml:xmlContent>
<mods:modsCollection xmlns:mods="http://www.loc.gov/mods/v3">
                    <mods:mods version="3.3">
                        <mods:identifier type="urn">0eaa6730-9068-11dd-97de-000d606f5dc6</mods:identifier>
                        <mods:identifier type="sici"></mods:identifier>
                        <mods:identifier type="isbn"></mods:identifier>
                        <mods:identifier type="issn"></mods:identifier>
                        <mods:titleInfo>
                            <mods:title>Drobnůstky</mods:title>
                            <mods:subTitle></mods:subTitle>
                        </mods:titleInfo>
                        <mods:titleInfo type="alternative">
                            <mods:title></mods:title>
                        </mods:titleInfo>
                        <mods:subject>
                            <mods:topic></mods:topic>
                            <mods:cartographics>
                                <mods:scale></mods:scale>
                            </mods:cartographics>
                        </mods:subject>
                        <mods:abstract></mods:abstract>
                        <mods:location>
                            <mods:physicalLocation>ABA000</mods:physicalLocation>
                            <mods:shelfLocator>54 G 000887</mods:shelfLocator>
                        </mods:location>
                        <mods:name type="personal">
                            <mods:namePart type="family">Doucha</mods:namePart>
                            <mods:namePart type="given">František</mods:namePart>
                            <mods:role>
                                <mods:roleTerm type="code">cre</mods:roleTerm>
                                <mods:roleTerm type="text">Author</mods:roleTerm>
                            </mods:role>
                        </mods:name>
                        <mods:typeOfResource>text</mods:typeOfResource>
                        <mods:originInfo transliteration="publisher">
                            <mods:place>
                                <mods:placeTerm type="text">V Praze</mods:placeTerm>
                            </mods:place>
                            <mods:publisher>Mikoláš Lehmann</mods:publisher>
                            <mods:dateIssued>1862</mods:dateIssued>
                        </mods:originInfo>
                        <mods:originInfo transliteration="printer">
                            <mods:place>
                                <mods:placeTerm>Ve Stuttgartě</mods:placeTerm>
                            </mods:place>
                            <mods:publisher>Vilém Nitzschke</mods:publisher>
                            <mods:dateCreated></mods:dateCreated>
                        </mods:originInfo>
                        <mods:originInfo>
                            <mods:issuance>monographic</mods:issuance>
                        </mods:originInfo>
                        <mods:language>
                            <mods:languageTerm authority="iso639-2b" type="code">cze</mods:languageTerm>
                        </mods:language>
                        <mods:physicalDescription>
                            <mods:form type="technique"></mods:form>
                            <mods:form type="material"></mods:form>
                            <mods:extent>7 l.,17 cm</mods:extent>
                            <mods:note></mods:note>
                        </mods:physicalDescription>
                        <mods:physicalDescription>
                            <mods:note type="action"></mods:note>
                            <mods:note type="preservationStateOfArt">nekvalitní předloha;</mods:note>
                        </mods:physicalDescription>
                        <mods:classification authority="ddc">neuvedeno</mods:classification>
                        <mods:classification authority="udc">821-93</mods:classification>
                        <mods:relatedItem type="series">
                            <mods:titleInfo>
                                <mods:title></mods:title>
                            </mods:titleInfo>
                        </mods:relatedItem>
                        <mods:accessCondition type="restrictionOnAccess"></mods:accessCondition>
                    </mods:mods>
                </mods:modsCollection>
</foxml:xmlContent>
</foxml:datastreamVersion>
</foxml:datastream>
<foxml:datastream ID="DC" STATE="A" CONTROL_GROUP="X" VERSIONABLE="false">
<foxml:datastreamVersion ID="DC.10" LABEL="Dublin Core Record for this object" CREATED="2016-03-30T12:05:59.791Z" MIMETYPE="text/xml" FORMAT_URI="http://www.openarchives.org/OAI/2.0/oai_dc/" SIZE="855">
<foxml:xmlContent>
<oai_dc:dc xmlns:dc="http://purl.org/dc/elements/1.1/" xmlns:oai_dc="http://www.openarchives.org/OAI/2.0/oai_dc/" xmlns:xsi="http://www.w3.org/2001/XMLSchema-instance" xsi:schemaLocation="http://www.openarchives.org/OAI/2.0/oai_dc/ http://www.openarchives.org/OAI/2.0/oai_dc.xsd">
  <dc:title>Drobnůstky</dc:title>
  <dc:creator>Doucha František</dc:creator>
  <dc:subject>ddc:neuvedeno</dc:subject>
  <dc:subject>udc:821-93</dc:subject>
  <dc:subject>ddc:neuvedeno</dc:subject>
  <dc:subject>udc:821.162.3-1</dc:subject>
  <dc:publisher>Mikoláš Lehmann</dc:publisher>
  <dc:date>1862</dc:date>
  <dc:type>model:monograph</dc:type>
  <dc:identifier>uuid:0eaa6730-9068-11dd-97de-000d606f5dc6</dc:identifier>
  <dc:identifier>contract:4011400001.djvu</dc:identifier>
  <dc:language>cze</dc:language>
  <dc:rights>policy:public</dc:rights>
</oai_dc:dc>
</foxml:xmlContent>
</foxml:datastreamVersion>
</foxml:datastream>
<foxml:datastream ID="RELS-EXT" STATE="A" CONTROL_GROUP="X" VERSIONABLE="false">
<foxml:datastreamVersion ID="RELS-EXT.28" LABEL="RDF Statements about this object" CREATED="2016-03-30T12:05:59.874Z" MIMETYPE="application/rdf+xml" FORMAT_URI="info:fedora/fedora-system:FedoraRELSExt-1.0" SIZE="3341">
<foxml:xmlContent>
<rdf:RDF xmlns:rdf="http://www.w3.org/1999/02/22-rdf-syntax-ns#">

<rdf:Description rdf:about="info:fedora/uuid:0eaa6730-9068-11dd-97de-000d606f5dc6">
	<hasModel xmlns="info:fedora/fedora-system:def/model#" rdf:resource="info:fedora/model:monograph"></hasModel>
	<itemID xmlns="http://www.openarchives.org/OAI/2.0/">uuid:0eaa6730-9068-11dd-97de-000d606f5dc6</itemID>
	<hasPage xmlns="http://www.nsdl.org/ontologies/relationships#" rdf:resource="info:fedora/uuid:4308eb80-b03b-11dd-a0f6-000d606f5dc6"></hasPage>
	<hasPage xmlns="http://www.nsdl.org/ontologies/relationships#" rdf:resource="info:fedora/uuid:4a79bd50-af36-11dd-a60c-000d606f5dc6"></hasPage>
	<hasPage xmlns="http://www.nsdl.org/ontologies/relationships#" rdf:resource="info:fedora/uuid:430d7f60-b03b-11dd-82fa-000d606f5dc6"></hasPage>
	<hasPage xmlns="http://www.nsdl.org/ontologies/relationships#" rdf:resource="info:fedora/uuid:4a7c2e50-af36-11dd-9643-000d606f5dc6"></hasPage>
	<hasPage xmlns="http://www.nsdl.org/ontologies/relationships#" rdf:resource="info:fedora/uuid:43101770-b03b-11dd-8673-000d606f5dc6"></hasPage>
	<hasPage xmlns="http://www.nsdl.org/ontologies/relationships#" rdf:resource="info:fedora/uuid:4314ab50-b03b-11dd-89db-000d606f5dc6"></hasPage>
	<hasPage xmlns="http://www.nsdl.org/ontologies/relationships#" rdf:resource="info:fedora/uuid:4a80c230-af36-11dd-ace4-000d606f5dc6"></hasPage>
	<hasPage xmlns="http://www.nsdl.org/ontologies/relationships#" rdf:resource="info:fedora/uuid:43171c50-b03b-11dd-b0c2-000d606f5dc6"></hasPage>
	<hasPage xmlns="http://www.nsdl.org/ontologies/relationships#" rdf:resource="info:fedora/uuid:4a835a40-af36-11dd-b951-000d606f5dc6"></hasPage>
	<hasPage xmlns="http://www.nsdl.org/ontologies/relationships#" rdf:resource="info:fedora/uuid:4319b460-b03b-11dd-83ca-000d606f5dc6"></hasPage>
	<hasPage xmlns="http://www.nsdl.org/ontologies/relationships#" rdf:resource="info:fedora/uuid:4a85f250-af36-11dd-8535-000d606f5dc6"></hasPage>
	<hasPage xmlns="http://www.nsdl.org/ontologies/relationships#" rdf:resource="info:fedora/uuid:431e4840-b03b-11dd-8818-000d606f5dc6"></hasPage>
	<hasPage xmlns="http://www.nsdl.org/ontologies/relationships#" rdf:resource="info:fedora/uuid:4a8a8630-af36-11dd-ae9c-000d606f5dc6"></hasPage>
	<hasPage xmlns="http://www.nsdl.org/ontologies/relationships#" rdf:resource="info:fedora/uuid:4320e050-b03b-11dd-9b4a-000d606f5dc6"></hasPage>
	<hasPage xmlns="http://www.nsdl.org/ontologies/relationships#" rdf:resource="info:fedora/uuid:4a8cf730-af36-11dd-ae88-000d606f5dc6"></hasPage>
	<hasDonator xmlns="http://www.nsdl.org/ontologies/relationships#" rdf:resource="info:fedora/donator:norway"></hasDonator>
	<contract xmlns="http://www.nsdl.org/ontologies/relationships#">4011400001.djvu</contract>
	<contract xmlns="http://www.nsdl.org/ontologies/relationships#">40114</contract>
	
	<policy xmlns="http://www.nsdl.org/ontologies/relationships#">policy:public</policy>
</rdf:Description>

</rdf:RDF>
</foxml:xmlContent>
</foxml:datastreamVersion>
</foxml:datastream>
<foxml:datastream ID="POLICY" STATE="A" CONTROL_GROUP="E" VERSIONABLE="false">
<foxml:datastreamVersion ID="POLICY.0" LABEL="" CREATED="2016-03-30T12:05:59.973Z" MIMETYPE="application/rdf+xml">
<foxml:contentLocation TYPE="URL" REF="http://local.fedora.server/fedora/get/policy:public/POLICYDEF"/>
</foxml:datastreamVersion>
</foxml:datastream>
</foxml:digitalObject>